CGATGTAT	TTAGGCTGT	5p	SAMPLE-PURIF-1
CGATGTAT	GATCAGGGT	5p	SAMPLE-PURIF-2
CGATGTAT	ACTTGACGG	5p	SAMPLE-PURIF-3
CGATGTAT	TAGCTTACA	5p	SAMPLE-PURIF-4
CGATGTAT	ATCACGGTA	5p	SAMPLE-INPUT-1
CGATGTAT	GGCTACGTA	5p	SAMPLE-INPUT-2
CGATGTAT	CTGAAGCTC	5p	SAMPLE-INPUT-3
CGATGTAT	GAATTCACG	5p	SAMPLE-INPUT-4
CGATGTAT	TTAGGCTCA	3p	SAMPLE-PURIF-1
CGATGTAT	GATCAGACA	3p	SAMPLE-PURIF-2
CGATGTAT	ACTTGATAC	3p	SAMPLE-PURIF-3
CGATGTAT	TAGCTTGTT	3p	SAMPLE-PURIF-4
CGATGTAT	ATCACGCAC	3p	SAMPLE-INPUT-1
CGATGTAT	GGCTACCAC	3p	SAMPLE-INPUT-2
CGATGTAT	CTGAAGCTG	3p	SAMPLE-INPUT-3
CGATGTAT	GAATTCGTC	3p	SAMPLE-INPUT-4
